shape,noise,area,perimeter,aspect_ratio,circularity,compactness,eccentricity,orientation,feret,malinowska,zwykly11,centralny11,znormalizowany11
ideal_circle,clean,2120459,6568,1.0,0.6176941032368913,20.344002878622035,1.0000049418093353,0.830991045707524,1643.3785321708447,0.2723695651045033,4146904870990,880433.9739091258,1.958109765853689e-07
